-- MySQL dump 10.13  Distrib 8.0.32, for Linux (x86_64)
--
-- Host: localhost    Database: bank_db
-- ------------------------------------------------------
-- Server version	8.0.32

/*!40101 SET @OLD_CHARACTER_SET_CLIENT=@@CHARACTER_SET_CLIENT */;
/*!40101 SET @OLD_CHARACTER_SET_RESULTS=@@CHARACTER_SET_RESULTS */;
/*!40101 SET @OLD_COLLATION_CONNECTION=@@COLLATION_CONNECTION */;
/*!50503 SET NAMES utf8mb4 */;
/*!40103 SET @OLD_TIME_ZONE=@@TIME_ZONE */;
/*!40103 SET TIME_ZONE='+00:00' */;
/*!40014 SET @OLD_UNIQUE_CHECKS=@@UNIQUE_CHECKS, UNIQUE_CHECKS=0 */;
/*!40014 SET @OLD_FOREIGN_KEY_CHECKS=@@FOREIGN_KEY_CHECKS, FOREIGN_KEY_CHECKS=0 */;
/*!40101 SET @OLD_SQL_MODE=@@SQL_MODE, SQL_MODE='NO_AUTO_VALUE_ON_ZERO' */;
/*!40111 SET @OLD_SQL_NOTES=@@SQL_NOTES, SQL_NOTES=0 */;

--
-- Table structure for table `account`
--

DROP TABLE IF EXISTS `account`;
/*!40101 SET @saved_cs_client     = @@character_set_client */;
/*!50503 SET character_set_client = utf8mb4 */;
CREATE TABLE `account` (
  `AccountId` int unsigned NOT NULL AUTO_INCREMENT,
  `CustomerId` int unsigned NOT NULL,
  `AccountType` varchar(30) NOT NULL,
  `Balance` double DEFAULT NULL,
  PRIMARY KEY (`AccountId`),
  UNIQUE KEY `CustomerId` (`CustomerId`),
  CONSTRAINT `account_ibfk_1` FOREIGN KEY (`CustomerId`) REFERENCES `customer` (`CustomerId`)
) ENGINE=InnoDB AUTO_INCREMENT=3 DEFAULT CHARSET=utf8mb3;
/*!40101 SET character_set_client = @saved_cs_client */;

--
-- Dumping data for table `account`
--

LOCK TABLES `account` WRITE;
/*!40000 ALTER TABLE `account` DISABLE KEYS */;
INSERT INTO `account` VALUES (1,1,'Current',180.05),(2,2,'Current',1280);
/*!40000 ALTER TABLE `account` ENABLE KEYS */;
UNLOCK TABLES;

--
-- Table structure for table `country`
--

DROP TABLE IF EXISTS `country`;
/*!40101 SET @saved_cs_client     = @@character_set_client */;
/*!50503 SET character_set_client = utf8mb4 */;
CREATE TABLE `country` (
  `CountryId` int NOT NULL AUTO_INCREMENT,
  `CountryName` varchar(50) NOT NULL,
  `Currency` char(3) NOT NULL,
  PRIMARY KEY (`CountryId`)
) ENGINE=InnoDB AUTO_INCREMENT=16 DEFAULT CHARSET=utf8mb3;
/*!40101 SET character_set_client = @saved_cs_client */;

--
-- Dumping data for table `country`
--

LOCK TABLES `country` WRITE;
/*!40000 ALTER TABLE `country` DISABLE KEYS */;
INSERT INTO `country` VALUES (1,'Rep. of Ireland','EUR'),(2,'United Kingdom','GBP'),(3,'United States','USD'),(4,'France','EUR'),(5,'Germany','EUR'),(6,'Austria','EUR'),(7,'Belgium','EUR'),(8,'Finland','EUR'),(9,'Italy','EUR'),(10,'Netherlands','EUR'),(11,'Portugal','EUR'),(12,'Spain','EUR'),(13,'Australia','AUD'),(14,'Canada','CAD'),(15,'Poland','PLN');
/*!40000 ALTER TABLE `country` ENABLE KEYS */;
UNLOCK TABLES;

--
-- Table structure for table `customer`
--

DROP TABLE IF EXISTS `customer`;
/*!40101 SET @saved_cs_client     = @@character_set_client */;
/*!50503 SET character_set_client = utf8mb4 */;
CREATE TABLE `customer` (
  `CustomerId` int unsigned NOT NULL AUTO_INCREMENT,
  `FirstName` varchar(30) NOT NULL,
  `LastName` varchar(30) NOT NULL,
  `Email` varchar(50) NOT NULL,
  `Phone` int NOT NULL,
  `CountryId` int NOT NULL,
  `Username` varchar(10) NOT NULL,
  `Password` varchar(100) NOT NULL,
  `AddrLine1` varchar(255) NOT NULL,
  `AddrLine2` varchar(255) NOT NULL,
  `TownCity` varchar(50) NOT NULL,
  `CountyState` varchar(50) NOT NULL,
  `dob` varchar(50) NOT NULL,
  `idType` varchar(50) NOT NULL,
  `idNumber` varchar(50) NOT NULL,
  `Role` varchar(255) DEFAULT 'user',
  PRIMARY KEY (`CustomerId`)
) ENGINE=InnoDB AUTO_INCREMENT=3 DEFAULT CHARSET=utf8mb3;
/*!40101 SET character_set_client = @saved_cs_client */;

--
-- Dumping data for table `customer`
--

LOCK TABLES `customer` WRITE;
/*!40000 ALTER TABLE `customer` DISABLE KEYS */;
INSERT INTO `customer` VALUES (1,'Joe','Bloggs','sample@test.com',851234567,1,'1111','$2a$10$ga7vy9yHkzmRiELdXx2hfu23GV91pLbeEM5FQ4N0ONReDkLG9lAfy','123 Fake Street','Townsville','Galway','Co. Galway','03/03/2000','Passport','DV2032SDA',NULL),(2,'John','Smith','testsample@test.com',879876543,3,'2222','$2a$10$ga7vy9yHkzmRiELdXx2hfu23GV91pLbeEM5FQ4N0ONReDkLG9lAfy','456 Not A Place','Somewhere','Dallas','Texas','04/12/2003','NationalID','DSAD21231',NULL);
/*!40000 ALTER TABLE `customer` ENABLE KEYS */;
UNLOCK TABLES;

--
-- Table structure for table `transaction`
--

DROP TABLE IF EXISTS `transaction`;
/*!40101 SET @saved_cs_client     = @@character_set_client */;
/*!50503 SET character_set_client = utf8mb4 */;
CREATE TABLE `transaction` (
  `TransactionId` int unsigned NOT NULL AUTO_INCREMENT,
  `AccountId` int unsigned DEFAULT NULL,
  `RecipientId` int unsigned DEFAULT NULL,
  `Amount` double DEFAULT NULL,
  `Timestamp` datetime DEFAULT NULL,
  PRIMARY KEY (`TransactionId`)
) ENGINE=InnoDB AUTO_INCREMENT=19 DEFAULT CHARSET=utf8mb3;
/*!40101 SET character_set_client = @saved_cs_client */;

--
-- Dumping data for table `transaction`
--

LOCK TABLES `transaction` WRITE;
/*!40000 ALTER TABLE `transaction` DISABLE KEYS */;
INSERT INTO `transaction` VALUES (2,1,2,20,'2024-05-13 00:00:00'),(3,2,1,30,'2024-05-13 00:00:00'),(5,1,2,20,'2024-05-13 00:00:00'),(6,1,2,30,'2024-05-13 00:00:00'),(7,1,2,20,'2024-05-13 16:25:38'),(8,1,2,30,'2024-05-13 17:11:32'),(9,1,2,40,'2024-05-14 18:06:07'),(10,1,2,10,'2024-05-15 13:20:15'),(11,1,2,10,'2024-05-15 13:22:01'),(12,1,2,40,'2024-05-15 13:57:00'),(13,1,2,300,'2024-05-15 13:57:11'),(14,2,1,300,'2024-05-15 13:57:28'),(15,1,2,10,'2024-05-15 13:58:10'),(16,1,2,20,'2024-05-15 14:06:35'),(17,1,2,10,'2024-05-15 14:23:42'),(18,2,1,20,'2024-05-15 14:23:53');
/*!40000 ALTER TABLE `transaction` ENABLE KEYS */;
UNLOCK TABLES;
/*!40103 SET TIME_ZONE=@OLD_TIME_ZONE */;


DROP TABLE IF EXISTS `paymentcard`;
/*!40101 SET @saved_cs_client     = @@character_set_client */;
/*!50503 SET character_set_client = utf8mb4 */;
CREATE TABLE `paymentcard` (
	`card_id` int unsigned NOT NULL AUTO_INCREMENT,
	`customer_id` int unsigned NOT NULL,
	`card_number` varchar(16) NOT NULL,
	`expiry_date` varchar(7) NOT NULL,  -- Format: MM/YYYY
	`status` varchar(20) NOT NULL DEFAULT 'Active',  -- Default to 'Active'
	PRIMARY KEY (`card_id`),
	FOREIGN KEY (`customer_id`) REFERENCES `customer`(`CustomerId`)
) ENGINE=InnoDB DEFAULT CHARSET=utf8mb3;
/*!40101 SET character_set_client = @saved_cs_client */;

-- Insert dummy data into paymentcard table
INSERT INTO `paymentcard` (customer_id, card_number, expiry_date, status) VALUES 
(1, '1234567812345678', '12/2025', 'Active'),
(2, '8765432187654321', '06/2024', 'Frozen');


DROP TABLE IF EXISTS `favouritepayees`;
/*!40101 SET @saved_cs_client     = @@character_set_client */;
/*!50503 SET character_set_client = utf8mb4 */;

-- Create FavouritePayees table
CREATE TABLE `favouritepayees` (
    `id` int unsigned AUTO_INCREMENT NOT NULL,
    `name` VARCHAR(255) NOT NULL,
    `iban` VARCHAR(34) NOT NULL,
    `customer_id` int unsigned NOT NULL,
    PRIMARY KEY (`id`),
    FOREIGN KEY (`customer_id`) REFERENCES customer(`CustomerId`)
);

-- Insert dummy data into FavouritePayees table
INSERT INTO `favouritepayees` (name, iban, customer_id) VALUES 
('John Doe', 'DE89370400440532013000', 1),
('Jane Smith', 'FR1420041010050500013M02606', 1),
('Alice Johnson', 'GB33BUKB20201555555555', 2),
('Bob Brown', 'NL91ABNA0417164300', 2);

/*!40101 SET SQL_MODE=@OLD_SQL_MODE */;
/*!40014 SET FOREIGN_KEY_CHECKS=@OLD_FOREIGN_KEY_CHECKS */;
/*!40014 SET UNIQUE_CHECKS=@OLD_UNIQUE_CHECKS */;
/*!40101 SET CHARACTER_SET_CLIENT=@OLD_CHARACTER_SET_CLIENT */;
/*!40101 SET CHARACTER_SET_RESULTS=@OLD_CHARACTER_SET_RESULTS */;
/*!40101 SET COLLATION_CONNECTION=@OLD_COLLATION_CONNECTION */;
/*!40111 SET SQL_NOTES=@OLD_SQL_NOTES */;

-- Dump completed on 2024-05-16 13:58:46
